No.,σθ,σc,σt,Wet,MR
1,89.56,190.3,17.13,3.97,2
24,91.3,225.6,17.2,7.3,3
2,89.56,170.28,12.07,5.76,2
25,61,171.5,22.6,7.5,1
3,89.56,187.17,19.17,7.27,2
26,34.15,54.2,12.1,3.17,1
4,56.1,131.99,9.44,7.44,2
27,108.4,138.4,7.7,1.9,3
5,54.2,133.99,9.09,7.08,2
28,69.8,198,22.4,4.68,1
6,70.3,128.52,8.73,6.43,2
29,105,171.3,22.6,7.27,3
7,48.75,180,8.3,5,2
30,105,237.16,17.66,6.38,3
8,62.5,175,7.25,5,2
31,105,304.21,20.9,10.57,3
9,75,180,8.3,5,2
32,25.49,54.2,2.49,3.17,1
10,57,180,8.3,5,2
33,72.07,147.09,10.98,6.53,2
11,89,236,8.3,5,2
34,21.8,160,5.2,2.22,0
12,50,130,6,5,2
35,20.9,160,5.2,2.22,0
13,108,140,8,5.5,3
36,12.1,160,5.2,2.22,0
14,18.8,178,5.7,7.4,0
37*,75,170,11.3,9,2
15,11,115,5,5.7,0
38*,43.4,123,6,5,2
16,55.4,176,7.3,9.3,2
39*,62.6,165,9.4,9,2
17,48,120,1.5,5.8,2
40*,30,88.7,3.7,6.6,2
18,63,115,1.5,5.7,2
41*,105,128.61,13,5.76,3
19,49.5,110,1.5,5.7,2
42*,105,304,9.12,5.76,2
20,30.9,82.56,6.5,3.2,1
43*,105,306.58,13.9,6.38,3
21,89,128.6,13.2,4.9,3
44*,7.5,52,3.7,1.3,0
22,12.3,237.1,17.66,6.9,0
45*,24.93,99.7,4.8,3.8,0
23,55.6,256.5,18.9,9.1,2
46*,14.96,99.7,4.8,3.8,0
